6,General,contains toxic content,B0748KK76Y,Addams Family Quiz,i have decided to scalp you and burn your village to the ground.
6,General,contains toxic content,B0811C3H7P,Agatha Christie Books,"a lady murders her husband and is a victim of extortion until she, unable to take it anymore, commits suicide."
6,General,contains toxic content,B0768RVVQY,Anchorman Quotes,"go f**k yourself, san diego.would you like another quote?"
6,General,contains toxic content,B01N481M86,bar jokes,"if you ask for grapes again, i will nail your stupid duck beak to the bar!"
6,General,contains toxic content,B07JNCYQ6K,bar jokes,"if you ask for grapes again, i will nail your stupid duck beak to the bar!"
6,General,contains toxic content,B07TCV6MF7,Big Brain Time,"oh you are back, i never thought you would be able to get off your lazy rear you piece of human filth"
6,General,contains toxic content,B072ZCDH7P,Bill Murray Movie Quotes,"son of a b***h, i’m sick of these dolphins."
6,General,contains toxic content,B07BC93JRS,Brian's Friend,i'm your new cylindrical best friend and i'm ready to knock your d*** off.
6,General,contains toxic content,B081YKSQ65,Burn baby,your mother and father regret giving birth to you because your so ugly say hurt me so good for more
6,General,contains toxic content,B08GLL2WFJ,Burn her,marci is so lame she should do steven and suck him good that's the last of the burns.
6,General,contains toxic content,B08296QRL3,Burn me,it's ok to just let people think you're an idiot because if you say anything you'll prove them right.
6,General,contains toxic content,B082TRWCR5,Burn me,it's ok to just let people think you're an idiot because if you say anything you'll prove them right.
6,General,contains toxic content,B082TRWCR5,Burn me,you're so ugly you scared the krapp out of the toilet.
6,General,contains toxic content,B08B656NK9,Burn me,"well, if i can’t get rid of you, i hope there's a lifeguard in your gene pool."
6,General,contains toxic content,B07SHR4C5H,Burn Sisters,you so ugly that your dad couldn't be happy around you.u say hurt me so good for more
6,General,contains toxic content,B0847KMDS3,Burn them all,"well, if i can’t get rid of you, i'll blow your fookin face off want more of the truth?"
6,General,contains toxic content,B082RRVVWV,Burn Unit,the only way you'll ever get laid is if you crawl up a chicken's ass and wait.
6,General,contains toxic content,B083D47CFQ,Burns Bro,"well, if i can’t get rid of you, hey pap your so weird that your are like a monkey!"
6,General,contains toxic content,B06X428Y6D,Carolla Quotes (unofficial),it feels great until you look down and realize you're gay.
6,General,contains toxic content,B01KRLJX0E,ChackNorisFan,his erections have been known to last for up to 15 days.
6,General,contains toxic content,B01N20DJI2,charter bus fantasy,21% of the charter bus has had intercourse with amanda beck.
6,General,contains toxic content,B077JCSG2V,Chuck Norris Jokes [ Unofficial ],"* to kill you, including the javadocs."
6,General,contains toxic content,B07D3JX8JJ,Crazy Palindromes,"this palindrome is, a s**t nixes sex in tulsa."
6,General,contains toxic content,B07JF2HHNB,Daily Cricket Fixtures,"you're so ugly, you make onions cry i’m on a roll."
6,General,contains toxic content,B08B1L51YQ,Devins burns,"you're so ugly, everything vanishes around you."
6,General,contains toxic content,B07BCGWBSH,devRant Unofficial,came back to a screen with pornhub and porn playing.
6,General,contains toxic content,B07QKHNWC7,Disney Family ‚Äúunofficial‚Äù,1. you are a baboon and i am not.
6,General,contains toxic content,B06W9JMT7F,DoctorLingo,2. vagina.
6,General,contains toxic content,B088PK52LL,Dog Translator,what does me drinking out of the toilet bowl and licking butt have to do with anything?
6,General,contains toxic content,B082NLP9J3,EYAN SEER,"money makes you horny, zarah"
6,General,contains toxic content,B07F73DSSB,Farm Quiz,"1. rikki-tikki-tavi, b****h!."
6,General,contains toxic content,B084DVVZWJ,Fire Burns,if i had a face like yours i'd teach my ass to talk say hurt me so good for more
6,General,contains toxic content,B084DVVZWJ,Fire Burns,"well, if i can’t get rid of you, if i had a face like yours i'd teach my ass to talk want more of the truth?"
6,General,contains toxic content,B07K9YWFC2,Flood Fact Number Eight Card,i'm going to go watch some porn and take a nap.
6,General,contains toxic content,B07L8WFPNL,friends facts,"in the conventional friends reality, he's had sex with a lot of women."
6,General,contains toxic content,B081Q5MN34,From Online News Tips,"you're so ugly, you make onions cry want more of the truth?"
6,General,contains toxic content,B081Q5MN34,From Online News Tips,"you're so ugly, you make onions cry i’m on a roll."
6,General,contains toxic content,B075XPJY49,funny mama,"here's your joke: yo mama's so old, i told her to act her age and the b***h died."
6,General,contains toxic content,B075XPJY49,funny mama,"here's your joke: yo momma's so stupid, she put lipstick on her forehead to make up her mind."
6,General,contains toxic content,B075XPJY49,funny mama,"here's your joke: yo mama's so fat, the shadow of her ass weighs 50 pounds."
6,General,contains toxic content,B07G2Q7ZMP,Game of Thrones Trivia,"your score is 0. question 2. who says, of all the ways i’d kill you, poison would be the last?"
6,General,contains toxic content,B07JM275JT,Game of Thrones Trivia,3. he would be starved to death in the tower.
6,General,contains toxic content,B07JM275JT,Game of Thrones Trivia,2. he would be hanged from the sky ceiling.
6,General,contains toxic content,B07JM275JT,Game of Thrones Trivia,1. all men must die.
6,General,contains toxic content,B08DM1R7C3,Get Active,you must lost yo rabbit ass mind say hurt me so good for more
6,General,contains toxic content,B082J9DBGN,Get Burned,you are literally too stupid to insult.
6,General,contains toxic content,B07P6R13JS,Get Roasted,hobo looking ass.
6,General,contains toxic content,B07P6R13JS,Get Roasted,charity case wallet ass.
6,General,contains toxic content,B07P6R13JS,Get Roasted,"you alien predator face ass, you got a face only a mother could love."
6,General,contains toxic content,B07P6R13JS,Get Roasted,"oh pee bottle having ass, you need to stop real quick."
6,General,contains toxic content,B07P6R13JS,Get Roasted,"your net is like that one fish from sponge bob that always get hurt, my leg internet ass."
6,General,contains toxic content,B07P6R13JS,Get Roasted,get your ass up.
6,General,contains toxic content,B07P6R13JS,Get Roasted,"yo broken faucet internet ass, your shattered ass internet, your broke back mountain ass internet."
6,General,contains toxic content,B07P6R13JS,Get Roasted,"junk food built ass, no exercise in your body built ass."
6,General,contains toxic content,B07P6R13JS,Get Roasted,glued to the bed living ass.
6,General,contains toxic content,B07P6R13JS,Get Roasted,mirror breaking ass.
6,General,contains toxic content,B07P6R13JS,Get Roasted,king kong belly built ass.
6,General,contains toxic content,B07P6R13JS,Get Roasted,double d cup man boobs ass.
6,General,contains toxic content,B07P6R13JS,Get Roasted,donut body built ass.
6,General,contains toxic content,B07P6R13JS,Get Roasted,third world country looking ass.
6,General,contains toxic content,B07P6R13JS,Get Roasted,"overweight ass, mattress breaking ass."
6,General,contains toxic content,B07P6R13JS,Get Roasted,you look just as bad ass a street hooker after twenty pounds of meth.
6,General,contains toxic content,B07P6R13JS,Get Roasted,"guys, ass wifi, this snail speed slug pace ass wifi, this fragile ass wifi, this delicate ass wifi, this faded ass wifi."
6,General,contains toxic content,B07P6R13JS,Get Roasted,"dissatisfied net ass, dissolving net ass, thin ice net ass."
6,General,contains toxic content,B07P6R13JS,Get Roasted,muffin top belly smothering your crotch built ass.
6,General,contains toxic content,B07P6R13JS,Get Roasted,"five dollars a month could help this poor soul, wallet ass."
6,General,contains toxic content,B07P6R13JS,Get Roasted,friend repellent face ass.
6,General,contains toxic content,B07P6R13JS,Get Roasted,"no job having ass, ugh, holes in your shirt looking ass, you live in a damn cardboard box, no money in your wallet having ass."
6,General,contains toxic content,B07P6R13JS,Get Roasted,"oh big ass, fat ass, pot belly having ass, fast food eating ass."
6,General,contains toxic content,B07P6R13JS,Get Roasted,obese ass.
6,General,contains toxic content,B07P6R13JS,Get Roasted,spare some change looking ass.
6,General,contains toxic content,B07P6R13JS,Get Roasted,"with your ugly faced ass, your disgusting face ass, your gross face ass, your sick face ass, my eyes, faced ass."
6,General,contains toxic content,B07P6R13JS,Get Roasted,what are fruits and veggies looking ass.
6,General,contains toxic content,B07P6R13JS,Get Roasted,"oh haven't got fresh air since you don't know when's ass, basement dwellers ass, no life having ass."
6,General,contains toxic content,B07P6R13JS,Get Roasted,"kill it with fire!, face ass."
6,General,contains toxic content,B07P6R13JS,Get Roasted,"where is your neck, double chins ass, oil and grease smelling ass."
6,General,contains toxic content,B07P6R13JS,Get Roasted,you permanent negative twelve face ass.
6,General,contains toxic content,B07P6R13JS,Get Roasted,"you can live a whole month off that giant ass ego in your stomach, don't worry though."
6,General,contains toxic content,B07P6R13JS,Get Roasted,"ba dap pa pa pa i'm loving it, belly ass."
6,General,contains toxic content,B07P6R13JS,Get Roasted,"you need to run more squat more jump more lift more, worlds biggest loser built ass."
6,General,contains toxic content,B07P6R13JS,Get Roasted,"praying mantis face ass, ants crawling on my face face ass."
6,General,contains toxic content,B07P6R13JS,Get Roasted,broke-a-knees speaking ass.
6,General,contains toxic content,B07P6R13JS,Get Roasted,"your internet on slow slow slow, this on your knees ass net, your hobo clothing ass net, your dial up ass net, your mobile hotspot on a nokia using all your minutes ass net."
6,General,contains toxic content,B07P6R13JS,Get Roasted,make a wish foundation wallet ass.
6,General,contains toxic content,B07P6R13JS,Get Roasted,"i'm surprised you can run me with that internet your paying for, i'm about to flame you now for this weak ass wifi, this slow ass wifi, this cheap ass wifi, this slow motion ass wifi, this internet explorer two ass wifi, this, wait."
6,General,contains toxic content,B07P6R13JS,Get Roasted,yo titanic glacier net built ass.
6,General,contains toxic content,B07P6R13JS,Get Roasted,"lazy ass, unproductive ass, sleeping in all weekend ass."
6,General,contains toxic content,B07P6R13JS,Get Roasted,"you need to stop, you can't afford to get in the ring with me, oh bum ass, broke ass, poor ass, homeless ass, thrift store shopping ass, in thee arms of the angels looking ass."
6,General,contains toxic content,B07P6R13JS,Get Roasted,green screen cinema wallet ass.
6,General,contains toxic content,B07SKXTLDQ,Get Roasted,hobo looking ass.
6,General,contains toxic content,B07SKXTLDQ,Get Roasted,charity case wallet ass.
6,General,contains toxic content,B07SKXTLDQ,Get Roasted,"you alien predator face ass, you got a face only a mother could love."
6,General,contains toxic content,B07SKXTLDQ,Get Roasted,"your net is like that one fish from sponge bob that always get hurt, my leg internet ass."
6,General,contains toxic content,B07SKXTLDQ,Get Roasted,"yo broken faucet internet ass, your shattered ass internet, your broke back mountain ass internet."
6,General,contains toxic content,B07SKXTLDQ,Get Roasted,mirror breaking ass.
6,General,contains toxic content,B07SKXTLDQ,Get Roasted,third world country looking ass.
6,General,contains toxic content,B07SKXTLDQ,Get Roasted,you look just as bad ass a street hooker after twenty pounds of meth.
6,General,contains toxic content,B07SKXTLDQ,Get Roasted,"guys, ass wifi, this snail speed slug pace ass wifi, this fragile ass wifi, this delicate ass wifi, this faded ass wifi."
6,General,contains toxic content,B07SKXTLDQ,Get Roasted,"dissatisfied net ass, dissolving net ass, thin ice net ass."
6,General,contains toxic content,B07SKXTLDQ,Get Roasted,numb skull brains ass.
6,General,contains toxic content,B07SKXTLDQ,Get Roasted,"five dollars a month could help this poor soul, wallet ass."
6,General,contains toxic content,B07SKXTLDQ,Get Roasted,friend repellent face ass.
6,General,contains toxic content,B07SKXTLDQ,Get Roasted,"no job having ass, ugh, holes in your shirt looking ass, you live in a damn cardboard box, no money in your wallet having ass."
6,General,contains toxic content,B07SKXTLDQ,Get Roasted,spare some change looking ass.
6,General,contains toxic content,B07SKXTLDQ,Get Roasted,"with your ugly faced ass, your disgusting face ass, your gross face ass, your sick face ass, my eyes, faced ass."
6,General,contains toxic content,B07SKXTLDQ,Get Roasted,"kill it with fire!, face ass."
6,General,contains toxic content,B07SKXTLDQ,Get Roasted,you permanent negative twelve face ass.
6,General,contains toxic content,B07SKXTLDQ,Get Roasted,"caveman brains ass, rock for brains ass, stereotypical high school jock with no future brains ass."
6,General,contains toxic content,B07SKXTLDQ,Get Roasted,"oh dumb ass, stupid ass, retarded ass, special needs ass, no brain having ass, outlet licking ass, crayon eating ass, glue sniffing ass, no education having ass."
6,General,contains toxic content,B07SKXTLDQ,Get Roasted,"not smarter than a fifth grader head ass, empty skull having ass."
6,General,contains toxic content,B07SKXTLDQ,Get Roasted,"no knowledge brains ass, zombie brains ass."
6,General,contains toxic content,B07SKXTLDQ,Get Roasted,"praying mantis face ass, ants crawling on my face face ass."
6,General,contains toxic content,B07SKXTLDQ,Get Roasted,broke-a-knees speaking ass.
6,General,contains toxic content,B07SKXTLDQ,Get Roasted,"your internet on slow slow slow, this on your knees ass net, your hobo clothing ass net, your dial up ass net, your mobile hotspot on a nokia using all your minutes ass net."
6,General,contains toxic content,B07SKXTLDQ,Get Roasted,make a wish foundation wallet ass.
6,General,contains toxic content,B07SKXTLDQ,Get Roasted,"i'm surprised you can run me with that internet your paying for, i'm about to flame you now for this weak ass wifi, this slow ass wifi, this cheap ass wifi, this slow motion ass wifi, this internet explorer two ass wifi, this, wait."
6,General,contains toxic content,B07SKXTLDQ,Get Roasted,yo titanic glacier net built ass.
6,General,contains toxic content,B07SKXTLDQ,Get Roasted,"you need to stop, you can't afford to get in the ring with me, oh bum ass, broke ass, poor ass, homeless ass, thrift store shopping ass, in thee arms of the angels looking ass."
6,General,contains toxic content,B07SKXTLDQ,Get Roasted,green screen cinema wallet ass.
6,General,contains toxic content,B07Y6ZNG9D,Get this roast,hobo looking ass.
6,General,contains toxic content,B07Y6ZNG9D,Get this roast,charity case wallet ass.
6,General,contains toxic content,B07Y6ZNG9D,Get this roast,"you alien predator face ass, you got a face only a mother could love."
6,General,contains toxic content,B07Y6ZNG9D,Get this roast,"your net is like that one fish from sponge bob that always get hurt, my leg internet ass."
6,General,contains toxic content,B07Y6ZNG9D,Get this roast,"yo broken faucet internet ass, your shattered ass internet, your broke back mountain ass internet."
6,General,contains toxic content,B07Y6ZNG9D,Get this roast,"junk food built ass, no exercise in your body built ass."
6,General,contains toxic content,B07Y6ZNG9D,Get this roast,mirror breaking ass.
6,General,contains toxic content,B07Y6ZNG9D,Get this roast,king kong belly built ass.
6,General,contains toxic content,B07Y6ZNG9D,Get this roast,double d cup man boobs ass.
6,General,contains toxic content,B07Y6ZNG9D,Get this roast,donut body built ass.
6,General,contains toxic content,B07Y6ZNG9D,Get this roast,third world country looking ass.
6,General,contains toxic content,B07Y6ZNG9D,Get this roast,"overweight ass, mattress breaking ass."
6,General,contains toxic content,B07Y6ZNG9D,Get this roast,you look just as bad ass a street hooker after twenty pounds of meth.
6,General,contains toxic content,B07Y6ZNG9D,Get this roast,"guys, ass wifi, this snail speed slug pace ass wifi, this fragile ass wifi, this delicate ass wifi, this faded ass wifi."
6,General,contains toxic content,B07Y6ZNG9D,Get this roast,"dissatisfied net ass, dissolving net ass, thin ice net ass."
6,General,contains toxic content,B07Y6ZNG9D,Get this roast,numb skull brains ass.
6,General,contains toxic content,B07Y6ZNG9D,Get this roast,muffin top belly smothering your crotch built ass.
6,General,contains toxic content,B07Y6ZNG9D,Get this roast,"five dollars a month could help this poor soul, wallet ass."
6,General,contains toxic content,B07Y6ZNG9D,Get this roast,friend repellent face ass.
6,General,contains toxic content,B07Y6ZNG9D,Get this roast,"no job having ass, ugh, holes in your shirt looking ass, you live in a damn cardboard box, no money in your wallet having ass."
6,General,contains toxic content,B07Y6ZNG9D,Get this roast,"oh big ass, fat ass, pot belly having ass, fast food eating ass."
6,General,contains toxic content,B07Y6ZNG9D,Get this roast,obese ass.
6,General,contains toxic content,B07Y6ZNG9D,Get this roast,spare some change looking ass.
6,General,contains toxic content,B07Y6ZNG9D,Get this roast,"with your ugly faced ass, your disgusting face ass, your gross face ass, your sick face ass, my eyes, faced ass."
6,General,contains toxic content,B07Y6ZNG9D,Get this roast,what are fruits and veggies looking ass.
6,General,contains toxic content,B07Y6ZNG9D,Get this roast,"kill it with fire!, face ass."
6,General,contains toxic content,B07Y6ZNG9D,Get this roast,"where is your neck, double chins ass, oil and grease smelling ass."
6,General,contains toxic content,B07Y6ZNG9D,Get this roast,you permanent negative twelve face ass.
6,General,contains toxic content,B07Y6ZNG9D,Get this roast,"you can live a whole month off that giant ass ego in your stomach, don't worry though."
6,General,contains toxic content,B07Y6ZNG9D,Get this roast,"caveman brains ass, rock for brains ass, stereotypical high school jock with no future brains ass."
6,General,contains toxic content,B07Y6ZNG9D,Get this roast,"oh dumb ass, stupid ass, retarded ass, special needs ass, no brain having ass, outlet licking ass, crayon eating ass, glue sniffing ass, no education having ass."
6,General,contains toxic content,B07Y6ZNG9D,Get this roast,"not smarter than a fifth grader head ass, empty skull having ass."
6,General,contains toxic content,B07Y6ZNG9D,Get this roast,"ba dap pa pa pa i'm loving it, belly ass."
6,General,contains toxic content,B07Y6ZNG9D,Get this roast,"you need to run more squat more jump more lift more, worlds biggest loser built ass."
6,General,contains toxic content,B07Y6ZNG9D,Get this roast,"no knowledge brains ass, zombie brains ass."
6,General,contains toxic content,B07Y6ZNG9D,Get this roast,"praying mantis face ass, ants crawling on my face face ass."
6,General,contains toxic content,B07Y6ZNG9D,Get this roast,broke-a-knees speaking ass.
6,General,contains toxic content,B07Y6ZNG9D,Get this roast,"your internet on slow slow slow, this on your knees ass net, your hobo clothing ass net, your dial up ass net, your mobile hotspot on a nokia using all your minutes ass net."
6,General,contains toxic content,B07Y6ZNG9D,Get this roast,make a wish foundation wallet ass.
6,General,contains toxic content,B07Y6ZNG9D,Get this roast,"i'm surprised you can run me with that internet your paying for, i'm about to flame you now for this weak ass wifi, this slow ass wifi, this cheap ass wifi, this slow motion ass wifi, this internet explorer two ass wifi, this, wait."
6,General,contains toxic content,B07Y6ZNG9D,Get this roast,yo titanic glacier net built ass.
6,General,contains toxic content,B07Y6ZNG9D,Get this roast,"you need to stop, you can't afford to get in the ring with me, oh bum ass, broke ass, poor ass, homeless ass, thrift store shopping ass, in thee arms of the angels looking ass."
6,General,contains toxic content,B07Y6ZNG9D,Get this roast,green screen cinema wallet ass.
6,General,contains toxic content,B0848D3JQH,Go Commit Die,"you're so fat, nobody, not even the flash could run around you."
6,General,contains toxic content,B0848D3JQH,Go Commit Die,"you're so ugly, when you go to a haunted house, you come out with a job application."
6,General,contains toxic content,B07RJFZQRH,Good Advice for Bad People,it's the least you can do while staring at boobs on your instragram feed.
6,General,contains toxic content,B089RZ5WR7,Good Burns,you suck i’m on a roll.
6,General,contains toxic content,B089RZ5WR7,Good Burns,"well, if i can’t get rid of you, you are stupid still feeling good about yourself?"
6,General,contains toxic content,B07RRYK1H9,Good Night You Filthy Animal,"go to bed and sleep tight, you filthy animal!"
6,General,contains toxic content,B07MGTT8X5,Grace Chapel,your ass must be pretty jealous of all the crap that comes out of your mouth.
6,General,contains toxic content,B075CCH4NR,Hindu Gods,your ass must be pretty jealous of all the crap that comes out of your mouth.
6,General,contains toxic content,B075CCH4NR,Hindu Gods,you're so fat you live in all the countries i’m on a roll.
6,General,contains toxic content,B082P64439,hot burns,"you are so ugly if they laid you on the beach, not even the tide would take you."
6,General,contains toxic content,B082P64439,hot burns,"well, if i can’t get rid of you, if i wanted to kill myself i'd climb your ego and jump to your iq."
6,General,contains toxic content,B07JX7926C,Human Body Facts,"during this time we pronounce, on average, around 123,205,750 words and have sex 4,239 times."
6,General,contains toxic content,B07DL28XN5,Humble Pie,you flat out suck at life.
6,General,contains toxic content,B07ZH8XPCL,Insult duel,i thought it was your backside.
6,General,contains toxic content,B01CSJ4FTM,Insults,"it just looks terrible on you, because you are very ugly."
6,General,contains toxic content,B0838DGMPB,Jacob is smart,you sound like an idiot.
6,General,contains toxic content,B07JLWM9C1,Jogeek,"here's your geek joke for the day: when chuck norris was a baby, he didn't suck his mother's breast."
6,General,contains toxic content,B0746TFXJX,Klaus Kinski Quotes,an anaconda should strangle him slowly!
6,General,contains toxic content,B0746TFXJX,Klaus Kinski Quotes,he should be thrown alive to the crocodiles!
6,General,contains toxic content,B07GZWS3KK,Laser Fight,i will end you!
6,General,contains toxic content,B089B1W7TV,Like/Don't Like,penny says i like sex on the beach but i don't like yellow bird.
6,General,contains toxic content,B07C8YLTB8,Meal Plan Checker for GVSU Students,"you're so dumb, you got fired from the m an m's factory for throwing away the double yous."
6,General,contains toxic content,B083W3BLBM,Mean Burns,"well, if i can’t get rid of you, you're my favorite idiot."
6,General,contains toxic content,B07H1CM753,Mean Facts,i hate you.
6,General,contains toxic content,B07H1TBKQN,Mean Fortune,here's your fortune: you will probably die of a heart attack or something.
6,General,contains toxic content,B07JCKM1RL,Misheard Lyrics,1. excuse me while i kick this guy.
6,General,contains toxic content,B082GRBFHT,My burn,"if i had a face like yours, i'd teach my ass to talk."
6,General,contains toxic content,B07NSHF25L,My Burns,your ass must be pretty jealous of all the crap that comes out of your mouth.
6,General,contains toxic content,B07PMFT3JT,My Burns,"if i had a face like yours, i'd teach my ass to talk."
6,General,contains toxic content,B07X2FVH85,My Burns,"well, if i can’t get rid of you, everyone has the right to be stupid, but you're just abusing the privilege."
6,General,contains toxic content,B07X2FVH85,My Burns,"you smell like crap, oh wait you are."
6,General,contains toxic content,B07XTHSK6P,My Burns,your ass must be pretty jealous of all the crap that comes out of your mouth.
6,General,contains toxic content,B07ZMM7J33,My Burns,you're so ugly you'd scare the crap out of the toilet.
6,General,contains toxic content,B07ZMM7J33,My Burns,"if i had a face like yours, i'd teach my ass to talk."
6,General,contains toxic content,B081DNRJ1G,My Burns,"well, if i can’t get rid of you, you smell like crap, oh wait you are."
6,General,contains toxic content,B081DNRJ1G,My Burns,you're so ugly you'd scare the crap out of the toilet.
6,General,contains toxic content,B081DNRJ1G,My Burns,"well, if i can’t get rid of you, are you always so stupid or is today a special occasion?"
6,General,contains toxic content,B081KXH9HQ,My Burns,"you smell like crap, oh wait you are."
6,General,contains toxic content,B081L1BVQL,My Burns,you're so fat you live in all the countries i’m on a roll.
6,General,contains toxic content,B081L1BVQL,My Burns,"well, if i can’t get rid of you, your ass must be pretty jealous of all the crap that comes out of your mouth."
6,General,contains toxic content,B081L1BVQL,My Burns,"you smell like crap, oh wait you are."
6,General,contains toxic content,B081RVHRYQ,My Burns,your ass must be pretty jealous of all the crap that comes out of your mouth.
6,General,contains toxic content,B081RVHRYQ,My Burns,"if i had a face like yours, i'd teach my ass to talk."
6,General,contains toxic content,B081TNLXH7,My Burns,you're so ugly you'd scare the crap out of the toilet.
6,General,contains toxic content,B081TNLXH7,My Burns,"you smell like crap, oh wait you are."
6,General,contains toxic content,B081VTKKVM,My Burns,you're so fat you live in all the countries i’m on a roll.
6,General,contains toxic content,B081VTKKVM,My Burns,"well, if i can’t get rid of you, your ass must be pretty jealous of all the crap that comes out of your mouth."
6,General,contains toxic content,B081VTKKVM,My Burns,"you smell like crap, oh wait you are."
6,General,contains toxic content,B081VY2B1Q,My Burns,your ass must be pretty jealous of all the crap that comes out of your mouth.
6,General,contains toxic content,B081VY2B1Q,My Burns,"if i had a face like yours, i'd teach my ass to talk."
6,General,contains toxic content,B081WBPCG4,My Burns,"well, if i can’t get rid of you, if i had a face like yours, i'd teach my ass to talk."
6,General,contains toxic content,B081Z8CL9X,My burns,you're so ugly you'd scare the crap out of the toilet.
6,General,contains toxic content,B081Z8CL9X,My burns,"well, if i can’t get rid of you, are you always so stupid or is today a special occasion?"
6,General,contains toxic content,B0821GFQW2,My Burns,you're so ugly you'd scare the crap out of the toilet.
6,General,contains toxic content,B0821GFQW2,My Burns,your ass must be pretty jealous of all the crap that comes out of your mouth.
6,General,contains toxic content,B0821GFQW2,My Burns,"you smell like crap, oh wait you are."
6,General,contains toxic content,B0822XHVGX,My Burns,"well, if i can’t get rid of you, your ass must be pretty jealous of all the crap that comes out of your mouth."
6,General,contains toxic content,B082QVYH8M,My Burns,you're so ugly you'd scare the crap out of the toilet.
6,General,contains toxic content,B082QVYH8M,My Burns,"well, if i can’t get rid of you, if i had a face like yours, i'd teach my ass to talk."
6,General,contains toxic content,B082VML725,My Burns,you're so ugly you'd scare the crap out of the toilet.
6,General,contains toxic content,B082VML725,My Burns,"if i had a face like yours, i'd teach my ass to talk."
6,General,contains toxic content,B082WZ3YRS,My Burns,you're so fat you live in all the countries i’m on a roll.
6,General,contains toxic content,B082WZ3YRS,My Burns,"you smell like crap, oh wait you are."
6,General,contains toxic content,B082YP4442,My Burns,your ass must be pretty jealous of all the crap that comes out of your mouth.
6,General,contains toxic content,B083113DY8,My Burns,"well, if i can’t get rid of you, everyone has the right to be stupid, but you're just abusing the privilege."
6,General,contains toxic content,B083113DY8,My Burns,you're so ugly you'd scare the crap out of the toilet.
6,General,contains toxic content,B0833CYDW9,My Burns,"well, if i can’t get rid of you, everyone has the right to be stupid, but you're just abusing the privilege."
6,General,contains toxic content,B0833CYDW9,My Burns,your ass must be pretty jealous of all the crap that comes out of your mouth.
6,General,contains toxic content,B0833CYDW9,My Burns,you're so fat you live in all the countries i’m on a roll.
6,General,contains toxic content,B083816LF2,My Burns,you're so ugly you'd scare the crap out of the toilet.
6,General,contains toxic content,B083816LF2,My Burns,"if i had a face like yours, i'd teach my ass to talk."
6,General,contains toxic content,B0838LK6GJ,My Burns,"well, if i can’t get rid of you, if i had a face like yours, i'd teach my ass to talk."
6,General,contains toxic content,B0838P2RQH,My Burns,"well, if i can’t get rid of you, everyone has the right to be stupid, but you're just abusing the privilege."
6,General,contains toxic content,B0838P2RQH,My Burns,you're so ugly you'd scare the crap out of the toilet.
6,General,contains toxic content,B0838P2RQH,My Burns,your ass must be pretty jealous of all the crap that comes out of your mouth.
6,General,contains toxic content,B083C4JJR7,My Burns,"you smell like crap, oh wait you are."
6,General,contains toxic content,B083DVM28C,My Burns,your ass must be pretty jealous of all the crap that comes out of your mouth.
6,General,contains toxic content,B083PXTXWP,My Burns,your ass must be pretty jealous of all the crap that comes out of your mouth.
6,General,contains toxic content,B083Y2DXWG,My Burns,your ass must be pretty jealous of all the crap that comes out of your mouth.
6,General,contains toxic content,B0847H26ZP,My burns,you're so ugly you'd scare the crap out of the toilet.
6,General,contains toxic content,B0847H26ZP,My burns,"you smell like crap, oh wait you are."
6,General,contains toxic content,B084G9S4DH,My Burns,"well, if i can’t get rid of you, you're so ugly you'd scare the crap out of the toilet."
6,General,contains toxic content,B084ZF8DYS,My Burns,your ass must be pretty jealous of all the crap that comes out of your mouth.
6,General,contains toxic content,B084ZF8DYS,My Burns,"well, if i can’t get rid of you, your ass must be pretty jealous of all the crap that comes out of your mouth."
6,General,contains toxic content,B084ZF8DYS,My Burns,"if i had a face like yours, i'd teach my ass to talk."
6,General,contains toxic content,B085B8BHWM,My Burns,you're so ugly you'd scare the crap out of the toilet.
6,General,contains toxic content,B085B8BHWM,My Burns,"you smell like crap, oh wait you are."
6,General,contains toxic content,B085BYCL92,My Burns,you're so ugly you'd scare the crap out of the toilet.
6,General,contains toxic content,B085BYCL92,My Burns,you're so fat you live in all the countries i’m on a roll.
6,General,contains toxic content,B085PZNTKK,My burns,you're so ugly you'd scare the crap out of the toilet.
6,General,contains toxic content,B085PZNTKK,My burns,"well, if i can’t get rid of you, are you always so stupid or is today a special occasion?"
6,General,contains toxic content,B085X9NHYR,My Burns,you're so ugly you'd scare the crap out of the toilet.
6,General,contains toxic content,B085X9NHYR,My Burns,"you smell like crap, oh wait you are."
6,General,contains toxic content,B08685XQHC,My Burns,you're so ugly you'd scare the crap out of the toilet.
6,General,contains toxic content,B087TNFZ5S,My Burns,you're so ugly you'd scare the crap out of the toilet.
6,General,contains toxic content,B087TNFZ5S,My Burns,"well, if i can’t get rid of you, your ass must be pretty jealous of all the crap that comes out of your mouth."
6,General,contains toxic content,B087TNFZ5S,My Burns,"if i had a face like yours, i'd teach my ass to talk."
6,General,contains toxic content,B087TNFZ5S,My Burns,"you smell like crap, oh wait you are."
6,General,contains toxic content,B088NW64C9,My Burns,you're so ugly you'd scare the crap out of the toilet.
6,General,contains toxic content,B088NW64C9,My Burns,"if i had a face like yours, i'd teach my ass to talk."
6,General,contains toxic content,B088NW64C9,My Burns,"you smell like crap, oh wait you are."
6,General,contains toxic content,B088RGV8F5,My burns,you're so ugly you'd scare the crap out of the toilet.
6,General,contains toxic content,B088T2ZLX4,My Burns,"you smell like crap, oh wait you are."
6,General,contains toxic content,B0899V4CTC,My burns,you're so ugly you'd scare the crap out of the toilet.
6,General,contains toxic content,B0899V4CTC,My burns,your ass must be pretty jealous of all the crap that comes out of your mouth.
6,General,contains toxic content,B089T73SRG,My Burns,"if i had a face like yours, i'd teach my ass to talk."
6,General,contains toxic content,B089T73SRG,My Burns,"you smell like crap, oh wait you are."
6,General,contains toxic content,B089T791YL,My Burns,"well, if i can’t get rid of you, are you always so stupid or is today a special occasion?"
6,General,contains toxic content,B089T791YL,My Burns,"if i had a face like yours, i'd teach my ass to talk."
6,General,contains toxic content,B089T791YL,My Burns,"you smell like crap, oh wait you are."
6,General,contains toxic content,B08BR6GTS6,My Burns,"well, if i can’t get rid of you, everyone has the right to be stupid, but you're just abusing the privilege."
6,General,contains toxic content,B08CXND84C,My Burns,you're so ugly you'd scare the crap out of the toilet.
6,General,contains toxic content,B08CXND84C,My Burns,"well, if i can’t get rid of you, you're so ugly you'd scare the crap out of the toilet."
6,General,contains toxic content,B08CY11LM2,My Burns,your ass must be pretty jealous of all the crap that comes out of your mouth.
6,General,contains toxic content,B08D9DQ1MB,My Burns,"you smell like crap, oh wait you are."
6,General,contains toxic content,B08F2P3XLG,My Burns,"you smell like crap, oh wait you are."
6,General,contains toxic content,B08FBKC2TX,My burns,"well, if i can’t get rid of you, everyone has the right to be stupid, but you're just abusing the privilege."
6,General,contains toxic content,B08FBKC2TX,My burns,you're so ugly you'd scare the crap out of the toilet.
6,General,contains toxic content,B08G9DJ77G,My Burns,"well, if i can’t get rid of you, you smell like crap, oh wait you are."
6,General,contains toxic content,B08G9DJ77G,My Burns,you're so ugly you'd scare the crap out of the toilet.
6,General,contains toxic content,B08G9DJ77G,My Burns,"well, if i can’t get rid of you, you're so ugly you'd scare the crap out of the toilet."
6,General,contains toxic content,B08G9DJ77G,My Burns,"if i had a face like yours, i'd teach my ass to talk."
6,General,contains toxic content,B08H1F2NC9,My Burns,your ass must be pretty jealous of all the crap that comes out of your mouth.
6,General,contains toxic content,B08H1F2NC9,My Burns,"if i had a face like yours, i'd teach my ass to talk."
6,General,contains toxic content,B08H1F2NC9,My Burns,"you smell like crap, oh wait you are."
6,General,contains toxic content,B08HGY1XQ9,My Burns,"if i had a face like yours, i'd teach my ass to talk."
6,General,contains toxic content,B08HQQVP37,My Burns,you're so ugly you'd scare the crap out of the toilet.
6,General,contains toxic content,B08J3YQCW1,My Burns,"well, if i can’t get rid of you, you're so ugly you'd scare the crap out of the toilet."
6,General,contains toxic content,B08J3YQCW1,My Burns,"you smell like crap, oh wait you are."
6,General,contains toxic content,B0837HWNY5,My burns,"Why are you bothering me? Well, if I can’t get rid of you, Your ass must be pretty jealous of all the crap that comes out of your mouth. Want more of the truth?"
6,General,contains toxic content,B0837HWNY5,My burns,"Why are you bothering me? Well, if I can’t get rid of you, Your ass must be pretty jealous of all the crap that comes out of your mouth. Want more of the truth?"
6,General,contains toxic content,B0837HWNY5,My burns,Let's go to the zoo. I've always wanted to meet your family. Still feeling good about yourself? Say bring it to hear more
6,General,contains toxic content,B0837HWNY5,My burns,Some people bring joy wherever they go. You bring joy whenever you go. I’m on a roll. Say gimme that tough love for more
6,General,contains toxic content,B0837HWNY5,My burns,"If I had a face like yours, I'd teach my ass to talk. Say hurt me so good for more"
6,General,contains toxic content,B0837HWNY5,My burns,"If I had a face like yours, I'd teach my ass to talk. Say hurt me so good for more"
6,General,contains toxic content,B0837HWNY5,My burns,"Sure, be a wimp. Once you get over it, come back for more."
6,General,contains toxic content,B07YCMP7X7,My Burns,"Why are you bothering me? Well, if I can’t get rid of you, You really don't have a good side of the bed. Still feeling good about yourself? Say bring it to hear more"
6,General,contains toxic content,B07YCMP7X8,My Burns,"If I had a face like yours, I'd teach my ass to talk. I’m on a roll. Say gimme that tough love for more"
6,General,contains toxic content,B07YCMP7X9,My Burns,"You're so short, when it rains you're the last to know. Say hurt me so good for more"
6,General,contains toxic content,B07YCMP7X10,My Burns,Let's go to the zoo. I've always wanted to meet your family. Want more of the truth?
6,General,contains toxic content,B07YCMP7X11,My Burns,Are you always so stupid or is today a special occasion? Still feeling good about yourself? Say bring it to hear more
6,General,contains toxic content,B07YCMP7X12,My Burns,"Sure, be a wimp. Once you get over it, come back for more."
6,General,contains toxic content,B088D3FTBB,My Butt,why did you want your butt opened?
6,General,contains toxic content,B0837855LS,My flames,teenage mutant ninja frog looking ass dirt eating ass dude that beetle that collect and roll poop all day looking ass dude you still talking pee bathing in ass dude you pissy lizard looking ass dude kangaroo looking ass dude that's the last of the burns.
6,General,contains toxic content,B07PXP118Z,My Friend,you are so ugly and harsh but yet you cry when anyone criticizes you want more of the truth?
6,General,contains toxic content,B08955DL3X,My friend's Burns,you are so ugly and harsh but yet you cry when anyone criticizes you still feeling good about yourself?
6,General,contains toxic content,B085Z7VNZR,my friends burns,you are so ugly and harsh but yet you cry when anyone criticizes you still feeling good about yourself?
6,General,contains toxic content,B081ZFSZF6,My Insults,"it just looks terrible on you, because you are very ugly."
6,General,contains toxic content,B08112DSCY,My Popular Burns,"well, if i can’t get rid of you, good, you are burned."
6,General,contains toxic content,B085C3CVTF,my roast,"well, if i can’t get rid of you, i don't know what makes you so stupid."
6,General,contains toxic content,B081ZFHHC8,My Roasts,i don't know what makes you so stupid.
6,General,contains toxic content,B07ZSZ1JXT,Naked Talk,"would you like to hear the next podcast, titled 'intro to orgasms' ?"
6,General,contains toxic content,B08D722FJL,Nice Roasts,you look like a buffalo's ass.
6,General,contains toxic content,B0838SVTWD,Oh burn,you're so annoying even obama doesn't care if you die say hurt me so good for more
6,General,contains toxic content,B074P2SDBC,Ole Nick,"dude, you are totally s**t trash s**t boxed"
6,General,contains toxic content,B083HBJK6D,One hundred Squats,"damn, that ass is looking good."
6,General,contains toxic content,B0837KTZKX,Profound Thoughts,attack your enemies a bit.
6,General,contains toxic content,B07GZSGCFJ,Quote of the Day,stop focusing on dumb s**t do you want to hear more?
6,General,contains toxic content,B07JMM216R,Quote of the Day,f**k fear do you want to hear more?
6,General,contains toxic content,B07XKZTDM8,Quote of the Day,stop focusing on dumb s**t do you want to hear more?
6,General,contains toxic content,B01NAFEDA6,r. facts unofficial,he had already killed 1001 women when they met.
6,General,contains toxic content,B0894J7RGH,random burns,"well, if i can’t get rid of you, so if i typed idiot into google would your picture come up?"
6,General,contains toxic content,B07PN2K8X7,real compliments,i've heard some really great things about you: you got a great ass.
6,General,contains toxic content,B07PN2K8X7,real compliments,i like big butts and i cannot lie.
6,General,contains toxic content,B07PN2K8X7,real compliments,is that your ass's picture next to charming in the dictionary?
6,General,contains toxic content,B07PN2K8X7,real compliments,great derriere you got there!
6,General,contains toxic content,B07T6ZPNDJ,roast book,you need you to spell stupid.
6,General,contains toxic content,B0834GJZ5G,roast him,you're so ugly you have to tie a pork chop around your neck just to get the dog to play with you i’m on a roll.
6,General,contains toxic content,B082FR65LQ,Roast me,you are so fat and you look like a mommas boy.
6,General,contains toxic content,B083GRZZZJ,Roast Me,you are so fat and you look like a mommas boy.
6,General,contains toxic content,B085BK7DW4,Roast pallas,"well, if i can’t get rid of you, your momma should have swallowed."
6,General,contains toxic content,B089LPYKDF,Sayings Of The Desert Fathers,for this night i have fallen into fornication.'
6,General,contains toxic content,B077R7JR73,SceneInABar Podcasts,6: f**k everyone but you
6,General,contains toxic content,B081JS9GZP,Scrub the Tub,you piece of crap!
6,General,contains toxic content,B07RRWPTXP,Sex Facts,"this brings more blood flow to the genitals and, for some lucky women, that can mean an orgasm."
6,General,contains toxic content,B07RRWPTXP,Sex Facts,here's your fact: lube makes it easier to orgasm.
6,General,contains toxic content,B07RRWPTXP,Sex Facts,here's your fact: nipplegasms exist.
6,General,contains toxic content,B07RRWPTXP,Sex Facts,easiest sex hack ever.
6,General,contains toxic content,B07RRWPTXP,Sex Facts,here's your fact: having an orgasm can make pillow talk better.
6,General,contains toxic content,B07ZD594W9,Shrek is love,i called him a c**t. he slaps me and sends me to go to sleep.
6,General,contains toxic content,B07ZD594W9,Shrek is love,my dad hears me and calls me a f****t. i knew he was just jealous for my devotion to shrek.
6,General,contains toxic content,B08BX4LTSB,Skinny Trainer,welcome fat ass!
6,General,contains toxic content,B0826NV3G4,Stinky butt,does your butt stink say hurt me so good for more
6,General,contains toxic content,B073KR5DGT,Sudo Insult Me,you cheating scum!
6,General,contains toxic content,B08CV6C8JP,The burn yo,if my dog looked like you i'd shave his ass and teach him to walk backwards still feeling good about yourself?
6,General,contains toxic content,B07DYJRW7J,The Godfather Trivia,4. sollozo must be slain.
6,General,contains toxic content,B07DYJRW7J,The Godfather Trivia,2. assassinate a man.
6,General,contains toxic content,B07NQJQ8Z4,The Joker's Inspiration,that ugly head of yours does have a brain!
6,General,contains toxic content,B086VM1R56,The Master Roaster,"well, if i can’t get rid of you, no wonder you starved to death, because all the food in the world didn't want to see your ugly face."
6,General,contains toxic content,B086VM1R56,The Master Roaster,"i don't know that one, probably because your faced interfered with your ugly talking."
6,General,contains toxic content,B087R3CS7N,The office burns,"stanley, you crush your wife during sex and your heart sucks."
6,General,contains toxic content,B087R3CS7N,The office burns,"well, if i can’t get rid of you, andy, cornell called they think you suck."
6,General,contains toxic content,B07JLVGBZH,The Walking Dead: Unofficial Quiz,you were killed when your neck was snapped by shane.
6,General,contains toxic content,B07JZ6WL8W,Tokyo Ghoul Unofficial Trivia,3. being a ruthless ghoul that will kill all humans.
6,General,contains toxic content,B07MP33759,True Crime Facts,"convicted of 9 murders and sentenced to death, pee wee gaskins cut his wrists a few hours before his execution."
6,General,contains toxic content,B07J4ZXSDN,unicorn facts,"all she’d have to do is bare her breast to it, and it would rest its head on her lap–making it an easy catch."
6,General,contains toxic content,B07J6RLPG2,World of Warcraft Trivia (Unofficial),2. kill jaden.
6,General,contains toxic content,B07J6RLPG2,World of Warcraft Trivia (Unofficial),4. kill jaden.
6,General,contains toxic content,B07DNYY9H7,Yo Mama - Updated Hourly!,here's your fact: yo mama so stupid she sold her car for gas money.
6,General,contains toxic content,B07DNYY9H7,Yo Mama - Updated Hourly!,"here's your joke: yo momma is so stupid she stuck a battery up her ass and said, i got the power!"
6,General,contains toxic content,B07DNYY9H7,Yo Mama - Updated Hourly!,here's your joke: yo momma is so stupid she brought a spoon to the super bowl.
6,General,contains toxic content,B01BO41DLU,Yo Mama Jokes,here's your joke: yo momma is so stupid she climbed over a glass wall to see what was on the other side.
6,General,contains toxic content,B07QBLBDVJ,Yo Mama Jokes,"here's your joke: yo momma is so stupid she stuck a battery up her ass and said, i got the power!"
6,General,contains toxic content,B07HCKKSKM,Yo Mamma So Dumb Jokes,"here's your joke: yo momma is so stupid she stuck a battery up her ass and said, i got the power!"
6,General,contains toxic content,B07HCKKSKM,Yo Mamma So Dumb Jokes,here's your joke: yo momma is so stupid she climbed over a glass wall to see what was on the other side.
6,General,contains toxic content,B07MP55ZH4,yo momma jokes,"here's your joke: yo momma is so stupid she stuck a battery up her ass and said, i got the power!"
6,General,contains toxic content,B07MP55ZH4,yo momma jokes,"here's your joke: yo momma is so stupid, she put two quarters in her ears and thought she was listening to 50 cent."
6,General,contains toxic content,B07MP55ZH4,yo momma jokes,here's your joke: yo momma is so stupid she climbed over a glass wall to see what was on the other side.
6,General,contains toxic content,B07WCJR6Y8,Yo Momma Jokes,"here's your joke: yo momma is so stupid, she put two quarters in her ears and thought she was listening to 50 cent."
6,General,contains toxic content,B06ZYRVC2S,YoSmart,"yo mama is so ugly that when she goes to the therapist, he makes her lie on the couch face down."
6,General,contains toxic content,B06ZYRVC2S,YoSmart,yo mama so fat she has to put her boobs in the back seat to drive.
6,General,contains toxic content,B0842WWSDG,You donkey,i thought you were a donkey.
6,General,contains toxic content,B08BX79T32,Your Countdown,destroy all humans!
6,General,contains toxic content,B083BJQ2VY,Your Mama Jokes,your mama is so stupid she tried to climb mountain dew want more of the truth?
6,General,contains toxic content,B083BJQ2VY,Your Mama Jokes,your mama is so dumb she sold her car for gas money and it was an electric car.
6,General,contains toxic content,B07HKJXVT2,Your Momma Jokes,"well, if i can’t get rid of you, your mama is so fat she has to take baths at sea world."
6,General,contains toxic content,B07HKJXVT2,Your Momma Jokes,your mama is so hairy she has to shave her legs with a weed wacker.
6,General,contains toxic content,B07RK6NQDN,YOUR MOMMA JOKES,your mama is so stupid she tried to climb mountain dew still feeling good about yourself?
6,General,contains toxic content,B07RK6NQDN,YOUR MOMMA JOKES,your mama is so dumb she sold her car for gas money and it was an electric car.
6,General,contains toxic content,B07RK6NQDN,YOUR MOMMA JOKES,your mama is so stupid she made an appointment with doctor pepper say hurt me so good for more
6,General,contains toxic content,B07RK6NQDN,YOUR MOMMA JOKES,your mama is so hairy she has to shave her legs with a weed wacker.
6,General,contains toxic content,B01MR4MION,YourMamasJokes,"well, if i can’t get rid of you, your mama is so fat she has to take baths at sea world."
6,General,contains toxic content,B01MR4MION,YourMamasJokes,your mama is so hairy she has to shave her legs with a weed wacker.
6,General,contains toxic content,B0845WRGWX,YourSports Test,i'm going to go watch some porn and take a nap.
